{"epochs": 10, "ac": "tanh", "hidden_layers": 5, "hidden_layer_size": 128, "learning_rate": 0.001, "optimiser": "nadam", "init_strategy": "xavier", "batch_size": 64, "_runtime": 2652, "_timestamp": 1615706589, "_step": 11, "val_accuracy": 0.8783333333333333, "accuracy": 0.924037037037037, "val_loss": 0.37469191098017046, "loss": 0.20973082092478335, "test_accuracy": 0.8716, "test_loss": 0.40615538785229965, "plot": {"_type": "plotly-file", "path": "media/plotly/plot_11_7af3a133.plotly.json", "sha256": "7af3a133df4fffcd0a06c83a76b1a46acb18c9668be39fcfc0f088567e4e7f16", "size": 24926}}