{"epochs": 10, "ac": "tanh", "hidden_layers": 5, "hidden_layer_size": 32, "learning_rate": 0.001, "optimiser": "adam", "init_strategy": "xavier", "batch_size": 64, "_runtime": 14, "_timestamp": 1615702270, "_step": 1, "val_accuracy": 0.762, "val_loss": 0.8583947507496987, "test_accuracy": 0.773, "test_loss": 0.8587177370949945, "plot": {"_type": "plotly-file", "path": "media/plotly/plot_1_82bd23e1.plotly.json", "sha256": "82bd23e154065bc1c60e68383de2dde782feb4945b43582c3621b060a196ad6b", "size": 23726}}