{"epochs": 5, "ac": "tanh", "hidden_layers": 3, "hidden_layer_size": 128, "learning_rate": 0.001, "optimiser": "nadam", "init_strategy": "xavier", "batch_size": 64, "_runtime": 738, "_timestamp": 1615703779, "_step": 6, "val_accuracy": 0.8885, "accuracy": 0.9176111111111112, "val_loss": 0.30442539957196735, "loss": 0.22534710036869224}