{"epochs": 10, "ac": "tanh", "hidden_layers": 5, "hidden_layer_size": 32, "learning_rate": 0.001, "optimiser": "adam", "init_strategy": "xavier", "batch_size": 64, "_runtime": 75, "_timestamp": 1615703557, "_step": 1, "val_accuracy": 0.8415, "val_loss": 0.4880331085220499, "test_accuracy": 0.8373, "test_loss": 0.5083244401011277, "plot": {"_type": "plotly-file", "path": "media/plotly/plot_1_c90732b1.plotly.json", "sha256": "c90732b1188f8c6c175cf5862290b3fba009f37a3b4b4e4f8d649652b41b0832", "size": 25182}}