{"epochs": 5, "ac": "sig", "hidden_layers": 3, "hidden_layer_size": 128, "learning_rate": 0.0001, "optimiser": "adam", "init_strategy": "xavier", "batch_size": 64, "_runtime": 745, "_timestamp": 1615699704, "_step": 6, "val_accuracy": 0.8005, "accuracy": 0.8026481481481481, "val_loss": 0.5441574509932695, "loss": 0.5436623386088475}