{"epochs": 5, "ac": "sig", "hidden_layers": 3, "hidden_layer_size": 128, "learning_rate": 0.0001, "optimiser": "nadam", "init_strategy": "xavier", "batch_size": 32, "_runtime": 793, "_timestamp": 1615708661, "_step": 6, "val_accuracy": 0.8065, "accuracy": 0.8056111111111111, "val_loss": 0.5020829641427548, "loss": 0.5015922448437269}