{"epochs": 5, "ac": "sig", "hidden_layers": 3, "hidden_layer_size": 64, "learning_rate": 0.001, "optimiser": "nadam", "init_strategy": "xavier", "batch_size": 64, "_runtime": 377, "_timestamp": 1615707856, "_step": 6, "val_accuracy": 0.8786666666666667, "accuracy": 0.8881296296296296, "val_loss": 0.3474698195478225, "loss": 0.3172586346870893}