{"epochs": 5, "ac": "sig", "hidden_layers": 3, "hidden_layer_size": 128, "learning_rate": 0.001, "optimiser": "adam", "init_strategy": "xavier", "batch_size": 64, "_runtime": 734, "_timestamp": 1615700447, "_step": 6, "val_accuracy": 0.8818333333333334, "accuracy": 0.8959074074074074, "val_loss": 0.33008023935544817, "loss": 0.2905385291683079}